Date ,Day,Month,Quarter,Year,series ,OPEN ,HIGH ,LOW ,PREV. CLOSE ,ltp ,close ,vwap ,52W H ,52W L ,VOLUME ,No of trades 
29-Aug-25,Friday,August,Q3,2025,EQ,675.45,681.15,668.00,675.45,669.50,669.00,673.51,1142.00,535.75,8201917.00,131621.00
28-Aug-25,Thursday,August,Q3,2025,EQ,679.90,680.90,667.80,681.65,676.15,675.45,673.92,1142.00,535.75,9466045.00,168975.00
26-Aug-25,Tuesday,August,Q3,2025,EQ,686.80,686.95,678.30,686.80,680.55,681.65,681.56,1142.00,535.75,7496633.00,127051.00
25-Aug-25,Monday,August,Q3,2025,EQ,683.75,688.90,680.30,680.30,686.10,686.80,686.42,1142.00,535.75,6429311.00,155326.00
22-Aug-25,Friday,August,Q3,2025,EQ,685.90,691.50,678.60,685.40,680.95,680.30,682.03,1142.00,535.75,6429718.00,120866.00
21-Aug-25,Thursday,August,Q3,2025,EQ,694.00,694.95,685.00,689.60,685.20,685.40,690.13,1142.00,535.75,8432614.00,112606.00
20-Aug-25,Wednesday,August,Q3,2025,EQ,700.25,700.80,689.00,700.25,690.00,689.60,691.75,1142.00,535.75,10050137.00,160634.00
19-Aug-25,Tuesday,August,Q3,2025,EQ,676.75,703.35,673.10,676.00,700.50,700.25,695.10,1142.00,535.75,19440384.00,282726.00
18-Aug-25,Monday,August,Q3,2025,EQ,677.00,685.00,672.90,664.60,675.90,676.00,678.70,1142.00,535.75,14226172.00,165366.00
14-Aug-25,Thursday,August,Q3,2025,EQ,666.00,666.55,657.70,663.75,664.00,664.60,662.43,1142.00,535.75,6250494.00,115002.00
13-Aug-25,Wednesday,August,Q3,2025,EQ,657.20,667.00,656.65,654.10,663.30,663.75,663.72,1142.00,535.75,7557556.00,133862.00
12-Aug-25,Tuesday,August,Q3,2025,EQ,651.10,660.95,650.80,653.75,655.05,654.10,655.38,1142.00,535.75,11212223.00,223425.00
11-Aug-25,Monday,August,Q3,2025,EQ,636.20,655.00,627.10,633.70,654.00,653.75,647.97,1142.00,535.75,17275390.00,258911.00
08-Aug-25,Friday,August,Q3,2025,EQ,647.95,652.95,630.00,646.50,630.80,633.70,640.31,1142.00,535.75,10144452.00,222231.00
07-Aug-25,Thursday,August,Q3,2025,EQ,650.00,651.70,635.50,652.85,650.00,646.50,641.47,1142.00,535.75,13609913.00,217679.00
06-Aug-25,Wednesday,August,Q3,2025,EQ,655.00,658.00,650.40,654.60,653.20,652.85,653.75,1142.00,535.75,6410830.00,116587.00
05-Aug-25,Tuesday,August,Q3,2025,EQ,655.95,658.90,650.55,653.60,655.00,654.60,654.15,1142.00,535.75,6714804.00,142228.00
04-Aug-25,Monday,August,Q3,2025,EQ,650.05,656.80,646.00,648.85,653.90,653.60,653.34,1142.00,535.75,8033881.00,165858.00
01-Aug-25,Friday,August,Q3,2025,EQ,667.95,667.95,647.00,665.95,649.70,648.85,652.97,1179.00,535.75,12546169.00,237724.00
31-Jul-25,Thursday,July,Q3,2025,EQ,659.85,673.40,652.35,668.45,666.45,665.95,665.70,1179.00,535.75,18723710.00,291431.00
30-Jul-25,Wednesday,July,Q3,2025,EQ,690.00,690.00,665.25,692.35,668.00,668.45,669.43,1179.00,535.75,18923129.00,405426.00
29-Jul-25,Tuesday,July,Q3,2025,EQ,681.90,694.00,680.60,682.90,691.75,692.35,688.52,1179.00,535.75,6239871.00,135285.00
28-Jul-25,Monday,July,Q3,2025,EQ,690.70,700.50,681.40,687.40,684.05,682.90,690.61,1179.00,535.75,7788718.00,141239.00
25-Jul-25,Friday,July,Q3,2025,EQ,701.00,702.45,684.70,700.50,687.55,687.40,690.76,1179.00,535.75,7271718.00,143186.00
24-Jul-25,Thursday,July,Q3,2025,EQ,692.70,706.50,692.30,690.10,701.30,700.50,702.13,1179.00,535.75,15197664.00,206983.00
23-Jul-25,Wednesday,July,Q3,2025,EQ,676.70,693.10,676.25,673.40,690.90,690.10,688.74,1179.00,535.75,14460727.00,196481.00
22-Jul-25,Tuesday,July,Q3,2025,EQ,688.00,688.85,672.35,687.45,675.50,673.40,677.29,1179.00,535.75,7749518.00,190083.00
21-Jul-25,Monday,July,Q3,2025,EQ,680.50,688.50,671.25,680.25,687.45,687.45,681.79,1179.00,535.75,6731863.00,126501.00
18-Jul-25,Friday,July,Q3,2025,EQ,683.20,686.00,678.00,681.70,680.45,680.25,681.57,1179.00,535.75,5558670.00,92747.00
17-Jul-25,Thursday,July,Q3,2025,EQ,679.00,686.90,678.15,679.00,682.20,681.70,683.00,1179.00,535.75,6598144.00,118601.00
16-Jul-25,Wednesday,July,Q3,2025,EQ,684.40,684.40,676.35,684.40,679.00,679.00,679.14,1179.00,535.75,6244205.00,112327.00
15-Jul-25,Tuesday,July,Q3,2025,EQ,676.00,685.95,674.30,674.50,683.00,684.40,681.06,1179.00,535.75,7041706.00,135711.00
14-Jul-25,Monday,July,Q3,2025,EQ,681.00,681.00,672.00,681.80,674.80,674.50,676.24,1179.00,535.75,7748550.00,181930.00
11-Jul-25,Friday,July,Q3,2025,EQ,692.95,698.40,677.05,695.60,679.00,681.80,687.10,1179.00,535.75,8280654.00,159362.00
10-Jul-25,Thursday,July,Q3,2025,EQ,692.00,696.75,685.00,692.80,695.50,695.60,691.34,1179.00,535.75,7733963.00,143758.00
09-Jul-25,Wednesday,July,Q3,2025,EQ,688.95,695.50,688.50,693.20,692.30,692.80,692.33,1179.00,535.75,5478813.00,110466.00
08-Jul-25,Tuesday,July,Q3,2025,EQ,693.00,696.95,687.50,688.85,692.90,693.20,691.86,1179.00,535.75,7615926.00,112199.00
07-Jul-25,Monday,July,Q3,2025,EQ,689.05,691.95,683.35,689.05,688.50,688.85,688.32,1179.00,535.75,5428220.00,116439.00
04-Jul-25,Friday,July,Q3,2025,EQ,691.00,692.85,686.35,690.40,688.00,689.05,688.94,1179.00,535.75,4942900.00,95228.00
03-Jul-25,Thursday,July,Q3,2025,EQ,693.85,696.95,688.50,688.55,690.30,690.40,692.80,1179.00,535.75,9668110.00,174168.00
02-Jul-25,Wednesday,July,Q3,2025,EQ,683.80,692.45,680.65,683.80,687.80,688.55,687.59,1179.00,535.75,8034013.00,141531.00
01-Jul-25,Tuesday,July,Q3,2025,EQ,691.10,693.85,680.40,688.00,683.80,683.80,686.00,1179.00,535.75,6866073.00,131017.00
30-Jun-25,Monday,June,Q2,2025,EQ,688.90,691.90,685.00,686.90,688.30,688.00,688.54,1179.00,535.75,6960104.00,150466.00
27-Jun-25,Friday,June,Q2,2025,EQ,685.00,691.45,683.00,682.75,687.50,686.90,688.13,1179.00,535.75,7198028.00,121849.00
26-Jun-25,Thursday,June,Q2,2025,EQ,677.00,683.70,674.45,674.50,682.70,682.75,679.67,1179.00,535.75,10104914.00,144959.00
25-Jun-25,Wednesday,June,Q2,2025,EQ,676.00,679.00,673.45,673.65,674.45,674.50,675.55,1179.00,535.75,10456015.00,156656.00
24-Jun-25,Tuesday,June,Q2,2025,EQ,678.00,686.50,672.00,671.25,674.30,673.65,679.17,1179.00,535.75,15359947.00,200973.00
23-Jun-25,Monday,June,Q2,2025,EQ,670.00,676.00,666.10,676.20,671.80,671.25,671.20,1179.00,535.75,10265601.00,166647.00
20-Jun-25,Friday,June,Q2,2025,EQ,673.40,678.80,670.10,672.30,675.50,676.20,675.55,1179.00,535.75,11393470.00,144733.00
19-Jun-25,Thursday,June,Q2,2025,EQ,670.25,676.30,666.65,670.25,671.40,672.30,671.47,1179.00,535.75,10895470.00,160073.00
18-Jun-25,Wednesday,June,Q2,2025,EQ,671.85,679.35,668.00,674.75,669.95,670.25,673.25,1179.00,535.75,12556088.00,212789.00
17-Jun-25,Tuesday,June,Q2,2025,EQ,686.10,686.15,672.00,686.65,673.00,674.75,678.59,1179.00,535.75,17112867.00,294632.00
16-Jun-25,Monday,June,Q2,2025,EQ,711.00,714.00,672.95,712.05,685.30,686.65,684.41,1179.00,535.75,31246328.00,561236.00
13-Jun-25,Friday,June,Q2,2025,EQ,700.00,714.95,698.30,715.35,713.75,712.05,706.23,1179.00,535.75,10516625.00,188783.00
12-Jun-25,Thursday,June,Q2,2025,EQ,737.00,737.70,711.25,736.40,714.45,715.35,720.95,1179.00,535.75,12585149.00,280340.00
11-Jun-25,Wednesday,June,Q2,2025,EQ,734.95,744.00,730.15,732.25,734.60,736.40,736.81,1179.00,535.75,12626754.00,182039.00
10-Jun-25,Tuesday,June,Q2,2025,EQ,721.00,734.75,715.35,717.80,732.70,732.25,728.46,1179.00,535.75,19151889.00,323576.00
09-Jun-25,Monday,June,Q2,2025,EQ,715.00,726.00,713.10,711.00,717.50,717.80,719.66,1179.00,535.75,9900412.00,168982.00
06-Jun-25,Friday,June,Q2,2025,EQ,710.00,715.90,701.20,710.15,711.60,711.00,709.28,1179.00,535.75,11975812.00,179459.00
05-Jun-25,Thursday,June,Q2,2025,EQ,712.80,714.45,704.00,709.15,710.10,710.15,709.00,1179.00,535.75,10203331.00,152774.00
04-Jun-25,Wednesday,June,Q2,2025,EQ,701.80,715.45,698.40,703.85,710.25,709.15,708.91,1179.00,535.75,11287991.00,277497.00
03-Jun-25,Tuesday,June,Q2,2025,EQ,715.00,718.35,702.30,711.60,704.30,703.85,708.08,1179.00,535.75,9161608.00,208760.00
02-Jun-25,Monday,June,Q2,2025,EQ,717.00,719.00,707.40,719.50,711.55,711.60,712.42,1179.00,535.75,9712446.00,178127.00
30-May-25,Friday,May,Q2,2025,EQ,724.45,728.55,712.50,724.45,718.65,719.50,718.99,1179.00,535.75,14533919.00,170723.00
29-May-25,Thursday,May,Q2,2025,EQ,724.50,728.70,720.00,717.95,725.45,724.45,723.93,1179.00,535.75,8838921.00,136523.00
28-May-25,Wednesday,May,Q2,2025,EQ,720.00,722.00,716.20,716.45,717.25,717.95,719.01,1179.00,535.75,7568961.00,117049.00
27-May-25,Tuesday,May,Q2,2025,EQ,729.00,729.35,715.20,729.00,717.00,716.45,719.68,1179.00,535.75,12223125.00,213762.00
26-May-25,Monday,May,Q2,2025,EQ,722.00,738.00,721.20,718.25,729.20,729.00,731.82,1179.00,535.75,13017400.00,174194.00
23-May-25,Friday,May,Q2,2025,EQ,718.75,721.80,715.00,717.45,718.00,718.25,719.01,1179.00,535.75,7915166.00,114102.00
22-May-25,Thursday,May,Q2,2025,EQ,725.00,725.00,710.65,726.80,718.50,717.45,716.57,1179.00,535.75,10046820.00,178556.00
21-May-25,Wednesday,May,Q2,2025,EQ,719.00,729.50,718.00,718.90,726.25,726.80,725.35,1179.00,535.75,8998596.00,145016.00
20-May-25,Tuesday,May,Q2,2025,EQ,730.00,737.75,717.00,729.50,720.70,718.90,726.33,1179.00,535.75,14472506.00,223690.00
19-May-25,Monday,May,Q2,2025,EQ,732.00,738.10,728.00,730.70,728.70,729.50,733.16,1179.00,535.75,10460217.00,189525.00
16-May-25,Friday,May,Q2,2025,EQ,730.00,742.00,725.55,728.10,731.10,730.70,733.15,1179.00,535.75,20631512.00,301374.00
15-May-25,Thursday,May,Q2,2025,EQ,698.75,729.80,696.15,698.95,729.00,728.10,718.09,1179.00,535.75,28634074.00,368702.00
14-May-25,Wednesday,May,Q2,2025,EQ,690.00,708.00,686.00,707.70,700.20,698.95,696.53,1179.00,535.75,31505402.00,529955.00
13-May-25,Tuesday,May,Q2,2025,EQ,720.80,726.00,703.25,720.80,708.30,707.70,713.29,1179.00,535.75,16125700.00,268737.00
12-May-25,Monday,May,Q2,2025,EQ,728.00,732.00,711.20,708.50,719.70,720.80,720.11,1179.00,535.75,20133616.00,261307.00
09-May-25,Friday,May,Q2,2025,EQ,667.50,711.00,666.00,682.85,709.00,708.50,701.30,1179.00,535.75,40183276.00,523258.00
08-May-25,Thursday,May,Q2,2025,EQ,700.00,704.50,677.20,680.30,680.40,682.85,692.28,1179.00,535.75,29315465.00,366175.00
07-May-25,Wednesday,May,Q2,2025,EQ,642.00,682.50,641.15,648.20,681.80,680.30,673.57,1179.00,535.75,30390515.00,366513.00
06-May-25,Tuesday,May,Q2,2025,EQ,661.55,663.20,645.50,661.55,647.55,648.20,651.87,1179.00,535.75,12718175.00,235348.00
05-May-25,Monday,May,Q2,2025,EQ,662.95,666.65,655.85,652.00,662.20,661.55,660.93,1179.00,535.75,8868484.00,159988.00
02-May-25,Friday,May,Q2,2025,EQ,641.00,661.35,635.55,644.25,652.00,652.00,652.71,1179.00,535.75,13141726.00,244150.00
30-Apr-25,Wednesday,April,Q2,2025,EQ,667.00,667.00,641.10,665.60,643.50,644.25,645.61,1179.00,535.75,19485917.00,311644.00
29-Apr-25,Tuesday,April,Q2,2025,EQ,671.45,682.90,661.60,668.15,667.30,665.60,671.09,1179.00,535.75,13754685.00,224042.00
28-Apr-25,Monday,April,Q2,2025,EQ,654.30,669.60,652.55,655.25,668.00,668.15,663.81,1179.00,535.75,10243493.00,168942.00
25-Apr-25,Friday,April,Q2,2025,EQ,668.35,673.00,651.50,668.35,654.15,655.25,658.76,1179.00,535.75,13207043.00,221114.00
24-Apr-25,Thursday,April,Q2,2025,EQ,660.10,671.00,660.10,659.90,667.90,668.35,666.02,1179.00,535.75,15172229.00,196582.00
23-Apr-25,Wednesday,April,Q2,2025,EQ,635.95,661.50,633.35,630.85,658.85,659.90,650.02,1179.00,535.75,23390570.00,321330.00
22-Apr-25,Tuesday,April,Q2,2025,EQ,630.25,633.95,626.20,630.05,630.50,630.85,631.00,1179.00,535.75,10292748.00,190303.00
21-Apr-25,Monday,April,Q2,2025,EQ,624.60,635.75,620.20,621.55,630.25,630.05,628.12,1179.00,535.75,12785568.00,216143.00
17-Apr-25,Thursday,April,Q2,2025,EQ,616.05,627.00,608.25,616.05,621.00,621.55,619.39,1179.00,535.75,14342652.00,238642.00
16-Apr-25,Wednesday,April,Q2,2025,EQ,625.00,625.00,613.60,622.20,616.10,616.05,616.73,1179.00,535.75,12318376.00,239397.00
15-Apr-25,Tuesday,April,Q2,2025,EQ,614.00,628.30,612.65,595.05,622.50,622.20,622.54,1179.00,535.75,19722072.00,270996.00
11-Apr-25,Friday,April,Q2,2025,EQ,610.00,612.80,591.00,582.90,596.00,595.05,600.68,1179.00,535.75,21055814.00,329700.00
09-Apr-25,Wednesday,April,Q2,2025,EQ,588.00,594.90,581.05,588.85,584.50,582.90,587.49,1179.00,535.75,17483412.00,250692.00
08-Apr-25,Tuesday,April,Q2,2025,EQ,591.20,606.60,584.20,579.75,589.90,588.85,591.36,1179.00,535.75,20987855.00,348681.00
07-Apr-25,Monday,April,Q2,2025,EQ,560.50,582.00,535.75,613.85,581.10,579.75,563.16,1179.00,535.75,49463598.00,835816.00
04-Apr-25,Friday,April,Q2,2025,EQ,650.00,650.00,610.00,653.95,615.10,613.85,619.96,1179.00,606.30,26621179.00,591360.00
03-Apr-25,Thursday,April,Q2,2025,EQ,660.00,669.00,652.50,671.90,655.55,653.95,659.08,1179.00,606.30,13473832.00,295801.00
02-Apr-25,Wednesday,April,Q2,2025,EQ,674.95,675.35,662.10,671.85,672.20,671.90,669.75,1179.00,606.30,8025225.00,134666.00
01-Apr-25,Tuesday,April,Q2,2025,EQ,670.55,681.85,665.75,674.45,672.00,671.85,673.59,1179.00,606.30,9594669.00,205820.00
28-Mar-25,Friday,March,Q1,2025,EQ,671.85,684.95,669.30,668.55,673.25,674.45,675.72,1179.00,606.30,16013687.00,223287.00
27-Mar-25,Thursday,March,Q1,2025,EQ,668.00,676.60,661.10,708.25,669.50,668.55,669.35,1179.00,606.30,34238666.00,678323.00
26-Mar-25,Wednesday,March,Q1,2025,EQ,710.30,717.85,707.00,710.30,707.40,708.25,711.37,1179.00,606.30,9363180.00,162046.00
25-Mar-25,Tuesday,March,Q1,2025,EQ,719.00,723.05,706.35,713.50,707.50,710.30,714.13,1179.00,606.30,13617465.00,276282.00
24-Mar-25,Monday,March,Q1,2025,EQ,710.00,717.50,702.05,702.95,713.90,713.50,710.33,1179.00,606.30,11671359.00,234530.00
21-Mar-25,Friday,March,Q1,2025,EQ,693.00,705.00,688.55,690.05,702.50,702.95,699.90,1179.00,606.30,14823483.00,178336.00
20-Mar-25,Thursday,March,Q1,2025,EQ,685.00,692.70,679.00,682.25,689.50,690.05,686.79,1179.00,606.30,9712600.00,166825.00
19-Mar-25,Wednesday,March,Q1,2025,EQ,685.40,685.75,678.55,680.05,681.05,682.25,681.69,1179.00,606.30,9338414.00,181525.00
18-Mar-25,Tuesday,March,Q1,2025,EQ,665.00,681.70,663.90,661.05,678.80,680.05,674.98,1179.00,606.30,11236084.00,201406.00
17-Mar-25,Monday,March,Q1,2025,EQ,665.05,666.45,657.45,655.50,660.10,661.05,661.92,1179.00,606.30,9174408.00,180213.00
13-Mar-25,Thursday,March,Q1,2025,EQ,670.65,671.85,649.60,668.30,654.70,655.50,658.17,1179.00,606.30,14004345.00,208418.00
12-Mar-25,Wednesday,March,Q1,2025,EQ,654.50,671.90,652.25,648.05,668.15,668.30,665.67,1179.00,606.30,18732785.00,293574.00
11-Mar-25,Tuesday,March,Q1,2025,EQ,640.00,651.15,638.45,648.15,648.90,648.05,646.66,1179.00,606.30,9534750.00,173182.00
10-Mar-25,Monday,March,Q1,2025,EQ,648.30,654.25,643.35,648.30,646.25,648.15,648.76,1179.00,606.30,10309166.00,191705.00
07-Mar-25,Friday,March,Q1,2025,EQ,640.00,651.50,635.00,639.65,647.50,648.30,646.83,1179.00,606.30,10123450.00,188802.00
06-Mar-25,Thursday,March,Q1,2025,EQ,653.25,655.95,635.60,640.80,638.90,639.65,641.31,1179.00,606.30,16991501.00,306481.00
05-Mar-25,Wednesday,March,Q1,2025,EQ,619.00,641.60,618.60,619.20,641.60,640.80,634.35,1179.00,606.30,12373061.00,254485.00
04-Mar-25,Tuesday,March,Q1,2025,EQ,613.45,629.15,613.00,621.15,619.50,619.20,621.45,1179.00,606.30,11878225.00,250241.00
03-Mar-25,Monday,March,Q1,2025,EQ,620.65,626.85,606.30,620.65,621.40,621.15,617.80,1179.00,606.30,18362700.00,351446.00
28-Feb-25,Friday,February,Q1,2025,EQ,645.00,645.00,618.45,648.55,620.70,620.65,628.10,1179.00,618.45,20477619.00,466703.00
27-Feb-25,Thursday,February,Q1,2025,EQ,662.00,665.00,645.65,661.60,647.75,648.55,652.54,1179.00,645.65,12281857.00,254682.00
25-Feb-25,Tuesday,February,Q1,2025,EQ,667.75,672.50,660.00,668.25,660.30,661.60,665.35,1179.00,660.00,10251257.00,240289.00
24-Feb-25,Monday,February,Q1,2025,EQ,670.00,676.60,666.00,673.20,668.05,668.25,670.93,1179.00,666.00,8861769.00,230767.00
21-Feb-25,Friday,February,Q1,2025,EQ,686.00,690.00,671.10,689.80,672.40,673.20,677.59,1179.00,667.05,14577524.00,290871.00
20-Feb-25,Thursday,February,Q1,2025,EQ,680.00,692.85,675.00,681.00,688.40,689.80,686.98,1179.00,667.05,8673335.00,189589.00
19-Feb-25,Wednesday,February,Q1,2025,EQ,681.75,690.95,675.05,682.40,681.00,681.00,683.71,1179.00,667.05,9986815.00,235012.00
18-Feb-25,Tuesday,February,Q1,2025,EQ,686.60,687.95,672.15,686.60,682.50,682.40,678.83,1179.00,667.05,7810143.00,195803.00
17-Feb-25,Monday,February,Q1,2025,EQ,678.00,690.70,667.05,680.65,686.95,686.60,683.85,1179.00,667.05,10313575.00,264623.00
14-Feb-25,Friday,February,Q1,2025,EQ,685.95,690.95,669.15,683.85,678.90,680.65,678.82,1179.00,667.05,9968127.00,235954.00
13-Feb-25,Thursday,February,Q1,2025,EQ,684.35,693.15,679.35,684.35,683.00,683.85,686.73,1179.00,667.05,8490769.00,205281.00
12-Feb-25,Wednesday,February,Q1,2025,EQ,680.00,687.55,667.05,677.75,684.70,684.35,678.94,1179.00,667.05,12312424.00,303029.00
11-Feb-25,Tuesday,February,Q1,2025,EQ,696.00,697.00,675.10,696.00,677.40,677.75,682.24,1179.00,675.10,11939990.00,380683.00
10-Feb-25,Monday,February,Q1,2025,EQ,709.75,709.90,693.05,706.75,695.60,696.00,697.76,1179.00,683.20,10981963.00,238395.00
07-Feb-25,Friday,February,Q1,2025,EQ,711.00,715.95,703.10,709.65,706.75,706.75,709.53,1179.00,683.20,12259132.00,268831.00
06-Feb-25,Thursday,February,Q1,2025,EQ,723.00,723.40,708.15,717.05,710.90,709.65,713.94,1179.00,683.20,10016927.00,191132.00
05-Feb-25,Wednesday,February,Q1,2025,EQ,711.00,725.45,710.70,710.55,716.95,717.05,719.30,1179.00,683.20,12907325.00,241395.00
04-Feb-25,Tuesday,February,Q1,2025,EQ,696.30,713.35,693.75,687.45,709.55,710.55,706.45,1179.00,683.20,16792005.00,292952.00
03-Feb-25,Monday,February,Q1,2025,EQ,700.00,700.00,686.00,706.55,687.65,687.45,689.57,1179.00,683.20,17806760.00,494904.00
01-Feb-25,Saturday,February,Q1,2025,EQ,719.50,724.75,700.90,716.10,705.90,706.55,711.99,1179.00,683.20,14087493.00,297568.00
31-Jan-25,Friday,January,Q1,2025,EQ,706.00,717.00,696.45,696.85,715.70,716.10,707.31,1179.00,683.20,19157717.00,340074.00
30-Jan-25,Thursday,January,Q1,2025,EQ,709.00,710.70,683.20,752.50,699.95,696.85,698.51,1179.00,683.20,59390998.00,1094810.00
29-Jan-25,Wednesday,January,Q1,2025,EQ,731.50,755.00,726.55,728.25,754.80,752.50,742.52,1179.00,707.50,12461404.00,262830.00
28-Jan-25,Tuesday,January,Q1,2025,EQ,716.50,740.85,707.50,713.05,731.90,728.25,724.61,1179.00,707.50,16104653.00,320748.00
27-Jan-25,Monday,January,Q1,2025,EQ,732.95,732.95,709.30,734.10,713.00,713.05,718.46,1179.00,709.30,14123990.00,335720.00
24-Jan-25,Friday,January,Q1,2025,EQ,750.05,754.15,732.20,752.50,733.40,734.10,740.71,1179.00,717.70,9513166.00,211930.00
23-Jan-25,Thursday,January,Q1,2025,EQ,742.75,759.70,739.80,742.75,753.00,752.50,751.71,1179.00,717.70,7916689.00,202401.00
22-Jan-25,Wednesday,January,Q1,2025,EQ,764.15,765.45,731.00,760.75,744.35,742.75,742.63,1179.00,717.70,12418474.00,357913.00
21-Jan-25,Tuesday,January,Q1,2025,EQ,775.00,786.65,758.40,774.35,761.00,760.75,770.74,1179.00,717.70,11657178.00,285590.00
20-Jan-25,Monday,January,Q1,2025,EQ,780.00,783.00,767.00,779.75,773.95,774.35,774.11,1179.00,717.70,9956101.00,179913.00
17-Jan-25,Friday,January,Q1,2025,EQ,773.90,785.50,772.25,774.35,779.90,779.75,779.92,1179.00,717.70,7007239.00,146024.00
16-Jan-25,Thursday,January,Q1,2025,EQ,769.90,781.00,767.35,763.60,775.45,774.35,775.08,1179.00,717.70,8680163.00,191171.00
15-Jan-25,Wednesday,January,Q1,2025,EQ,771.00,785.00,756.05,770.50,763.00,763.60,766.16,1179.00,717.70,10500910.00,249215.00
14-Jan-25,Tuesday,January,Q1,2025,EQ,751.50,779.00,751.50,751.00,772.30,770.50,772.37,1179.00,717.70,11377053.00,277895.00
13-Jan-25,Monday,January,Q1,2025,EQ,769.00,773.55,748.80,774.65,750.60,751.00,760.91,1179.00,717.70,12230175.00,305264.00
10-Jan-25,Friday,January,Q1,2025,EQ,780.05,787.95,766.80,780.10,776.50,774.65,778.29,1179.00,717.70,11144005.00,274052.00
09-Jan-25,Thursday,January,Q1,2025,EQ,800.00,810.00,769.45,794.95,781.40,780.10,784.85,1179.00,717.70,17948464.00,366805.00
08-Jan-25,Wednesday,January,Q1,2025,EQ,792.60,797.00,781.65,793.25,795.50,794.95,789.86,1179.00,717.70,11861066.00,255679.00
07-Jan-25,Tuesday,January,Q1,2025,EQ,776.00,796.95,772.50,776.25,792.50,793.25,787.61,1179.00,717.70,15547971.00,314304.00
06-Jan-25,Monday,January,Q1,2025,EQ,797.70,797.70,765.30,790.40,776.00,776.25,783.03,1179.00,717.70,16948151.00,358878.00
03-Jan-25,Friday,January,Q1,2025,EQ,768.00,800.60,761.45,765.05,789.00,790.40,786.86,1179.00,717.70,24773025.00,457866.00
02-Jan-25,Thursday,January,Q1,2025,EQ,759.30,767.35,749.35,749.25,764.85,765.05,757.34,1179.00,717.70,15294572.00,306615.00
01-Jan-25,Wednesday,January,Q1,2025,EQ,740.45,751.10,736.00,740.15,749.85,749.25,744.36,1179.00,717.70,7792251.00,170318.00
31-Dec-24,Tuesday,December,Q4,2024,EQ,733.65,743.40,732.75,733.65,741.80,740.15,738.63,1179.00,717.70,7092699.00,176250.00
30-Dec-24,Monday,December,Q4,2024,EQ,753.90,754.90,730.70,750.50,735.25,733.65,738.19,1179.00,717.70,17441198.00,276286.00
27-Dec-24,Friday,December,Q4,2024,EQ,749.00,766.85,745.70,740.80,754.00,750.50,756.69,1179.00,716.60,15835079.00,316642.00
26-Dec-24,Thursday,December,Q4,2024,EQ,736.10,747.80,735.55,736.10,741.50,740.80,741.74,1179.00,716.60,9343210.00,235149.00
24-Dec-24,Tuesday,December,Q4,2024,EQ,723.50,745.30,722.50,722.20,735.10,736.10,736.40,1179.00,716.60,12553555.00,266530.00
23-Dec-24,Monday,December,Q4,2024,EQ,733.70,734.40,717.70,724.05,721.50,722.20,726.35,1179.00,716.60,9653868.00,293999.00
20-Dec-24,Friday,December,Q4,2024,EQ,744.30,749.55,721.50,744.05,724.30,724.05,732.88,1179.00,696.25,17962656.00,414949.00
19-Dec-24,Thursday,December,Q4,2024,EQ,744.45,755.80,741.40,755.70,745.75,744.05,746.59,1179.00,696.25,17119599.00,377991.00
18-Dec-24,Wednesday,December,Q4,2024,EQ,774.00,774.25,754.00,779.75,757.00,755.70,761.07,1179.00,696.25,19085263.00,508261.00
17-Dec-24,Tuesday,December,Q4,2024,EQ,785.50,796.35,778.00,784.80,779.90,779.75,786.01,1179.00,696.25,10270253.00,229057.00
16-Dec-24,Monday,December,Q4,2024,EQ,791.40,793.95,783.00,790.30,785.30,784.80,786.38,1179.00,696.25,10015361.00,199508.00
13-Dec-24,Friday,December,Q4,2024,EQ,789.00,792.50,775.00,786.35,790.70,790.30,784.90,1179.00,696.25,14101869.00,354253.00
12-Dec-24,Thursday,December,Q4,2024,EQ,799.20,802.00,785.50,799.10,787.00,786.35,789.09,1179.00,696.25,10602758.00,284424.00
11-Dec-24,Wednesday,December,Q4,2024,EQ,802.90,806.95,798.20,799.90,799.45,799.10,802.54,1179.00,696.25,7763357.00,159000.00
10-Dec-24,Tuesday,December,Q4,2024,EQ,804.80,810.45,797.45,798.75,801.00,799.90,803.15,1179.00,696.25,13113082.00,234736.00
09-Dec-24,Monday,December,Q4,2024,EQ,816.80,820.35,797.00,816.80,799.70,798.75,807.57,1179.00,696.25,15573233.00,308424.00
06-Dec-24,Friday,December,Q4,2024,EQ,793.00,818.85,785.30,792.55,818.00,816.80,802.57,1179.00,696.25,19716910.00,347712.00
05-Dec-24,Thursday,December,Q4,2024,EQ,793.00,797.50,781.00,788.10,793.00,792.55,789.55,1179.00,696.25,12169428.00,265144.00
04-Dec-24,Wednesday,December,Q4,2024,EQ,805.00,806.00,784.05,801.25,788.20,788.10,791.95,1179.00,696.25,12392259.00,380565.00
03-Dec-24,Tuesday,December,Q4,2024,EQ,795.00,806.00,790.00,790.05,800.10,801.25,798.05,1179.00,696.25,9874135.00,227850.00
02-Dec-24,Monday,December,Q4,2024,EQ,787.30,796.75,785.00,786.45,790.15,790.05,790.40,1179.00,696.25,8425826.00,217075.00
29-Nov-24,Friday,November,Q4,2024,EQ,779.50,789.40,777.05,779.45,787.35,786.45,784.67,1179.00,674.25,10358590.00,215035.00
28-Nov-24,Thursday,November,Q4,2024,EQ,783.00,792.55,778.00,783.95,781.50,779.45,784.58,1179.00,674.25,10939142.00,272953.00
27-Nov-24,Wednesday,November,Q4,2024,EQ,785.05,791.90,779.10,783.00,785.20,783.95,785.34,1179.00,674.25,10014685.00,200451.00
26-Nov-24,Tuesday,November,Q4,2024,EQ,797.15,801.80,780.15,796.60,784.20,783.00,789.35,1179.00,674.25,10310838.00,227912.00
25-Nov-24,Monday,November,Q4,2024,EQ,808.05,810.20,793.65,791.00,797.40,796.60,799.70,1179.00,674.25,15194167.00,263327.00
22-Nov-24,Friday,November,Q4,2024,EQ,775.00,794.00,775.00,773.85,794.00,791.00,784.59,1179.00,670.70,14535112.00,300768.00
21-Nov-24,Thursday,November,Q4,2024,EQ,784.95,785.95,766.25,783.20,774.00,773.85,775.95,1179.00,670.70,14194678.00,319937.00
19-Nov-24,Tuesday,November,Q4,2024,EQ,771.90,799.90,771.90,771.90,781.95,783.20,790.20,1179.00,670.70,14012014.00,279101.00
18-Nov-24,Monday,November,Q4,2024,EQ,778.00,781.75,759.20,774.30,772.50,771.90,770.60,1179.00,670.70,17053446.00,419815.00
14-Nov-24,Thursday,November,Q4,2024,EQ,786.60,792.00,772.00,786.25,776.00,774.30,779.43,1179.00,649.30,11740909.00,313693.00
13-Nov-24,Wednesday,November,Q4,2024,EQ,787.00,792.65,775.55,784.85,786.85,786.25,785.62,1179.00,649.30,14674022.00,391032.00
12-Nov-24,Tuesday,November,Q4,2024,EQ,806.00,813.10,783.05,804.70,784.75,784.85,792.60,1179.00,649.30,16526921.00,594079.00
11-Nov-24,Monday,November,Q4,2024,EQ,801.00,831.45,792.00,805.45,805.00,804.70,816.67,1179.00,649.30,27587619.00,575463.00
08-Nov-24,Friday,November,Q4,2024,EQ,821.95,822.00,801.10,819.75,803.55,805.45,807.29,1179.00,641.90,16072692.00,478152.00
07-Nov-24,Thursday,November,Q4,2024,EQ,841.00,842.75,817.30,839.70,821.80,819.75,826.73,1179.00,641.90,13237161.00,381746.00
06-Nov-24,Wednesday,November,Q4,2024,EQ,843.90,843.90,826.00,835.65,840.50,839.70,836.11,1179.00,641.90,10579596.00,273406.00
05-Nov-24,Tuesday,November,Q4,2024,EQ,821.50,843.60,820.40,824.10,835.60,835.65,832.40,1179.00,641.90,10215249.00,255937.00
04-Nov-24,Monday,November,Q4,2024,EQ,840.00,844.45,814.50,843.45,824.20,824.10,822.77,1179.00,641.90,15514419.00,467713.00
01-Nov-24,Friday,November,Q4,2024,EQ,847.95,847.95,840.00,834.05,843.10,843.45,844.54,1179.00,621.85,2900548.00,134792.00
31-Oct-24,Thursday,October,Q4,2024,EQ,843.85,843.85,831.85,840.20,835.25,834.05,835.59,1179.00,621.85,11904413.00,287659.00
30-Oct-24,Wednesday,October,Q4,2024,EQ,846.00,853.60,838.05,842.75,840.00,840.20,845.85,1179.00,621.85,12933218.00,328464.00
29-Oct-24,Tuesday,October,Q4,2024,EQ,880.25,882.50,825.70,878.45,844.00,842.75,843.06,1179.00,621.85,26818871.00,726757.00
28-Oct-24,Monday,October,Q4,2024,EQ,867.85,886.75,860.20,864.30,881.90,878.45,876.38,1179.00,621.85,7106045.00,203043.00
25-Oct-24,Friday,October,Q4,2024,EQ,883.90,885.75,857.30,880.00,864.05,864.30,865.79,1179.00,621.85,10873022.00,379450.00
24-Oct-24,Thursday,October,Q4,2024,EQ,875.25,890.00,875.25,877.65,880.50,880.00,882.70,1179.00,621.85,7233484.00,286907.00
23-Oct-24,Wednesday,October,Q4,2024,EQ,879.00,885.60,863.30,879.50,876.00,877.65,876.37,1179.00,621.85,10553771.00,356148.00
22-Oct-24,Tuesday,October,Q4,2024,EQ,905.00,906.10,875.25,903.30,881.50,879.50,886.02,1179.00,621.85,13617490.00,532014.00
21-Oct-24,Monday,October,Q4,2024,EQ,912.05,917.65,898.10,910.15,902.75,903.30,905.03,1179.00,621.85,7390557.00,204274.00
18-Oct-24,Friday,October,Q4,2024,EQ,894.30,917.70,886.80,891.60,911.00,910.15,906.85,1179.00,621.85,11527914.00,300927.00
17-Oct-24,Thursday,October,Q4,2024,EQ,914.95,914.95,890.05,907.45,894.30,891.60,899.88,1179.00,621.85,13864583.00,552996.00
16-Oct-24,Wednesday,October,Q4,2024,EQ,917.05,923.00,900.00,917.30,906.15,907.45,909.40,1179.00,621.85,10298258.00,370552.00
15-Oct-24,Tuesday,October,Q4,2024,EQ,932.95,935.35,913.00,928.25,918.90,917.30,920.38,1179.00,621.85,9058919.00,281499.00
14-Oct-24,Monday,October,Q4,2024,EQ,930.00,940.00,925.35,930.70,929.00,928.25,932.68,1179.00,621.85,5740649.00,207829.00
11-Oct-24,Friday,October,Q4,2024,EQ,932.00,937.00,928.50,928.50,931.40,930.70,932.01,1179.00,613.70,4459529.00,151010.00
10-Oct-24,Thursday,October,Q4,2024,EQ,933.75,943.60,912.35,939.15,930.60,928.50,932.19,1179.00,613.70,13249851.00,350137.00
09-Oct-24,Wednesday,October,Q4,2024,EQ,926.80,948.45,925.50,919.80,939.00,939.15,941.16,1179.00,613.70,11557737.00,317263.00
08-Oct-24,Tuesday,October,Q4,2024,EQ,916.00,924.80,893.85,927.85,924.80,919.80,909.63,1179.00,613.70,21177886.00,581422.00
07-Oct-24,Monday,October,Q4,2024,EQ,942.00,944.45,915.00,930.75,928.30,927.85,929.05,1179.00,613.70,11772546.00,349818.00
04-Oct-24,Friday,October,Q4,2024,EQ,930.00,949.20,920.00,925.70,933.55,930.75,934.22,1179.00,608.30,19187758.00,464043.00
03-Oct-24,Thursday,October,Q4,2024,EQ,939.00,950.15,925.00,965.20,928.80,925.70,934.51,1179.00,608.30,24418517.00,867561.00
01-Oct-24,Tuesday,October,Q4,2024,EQ,976.90,984.50,958.90,974.65,966.40,965.20,972.72,1179.00,608.30,10085203.00,247160.00
30-Sep-24,Monday,September,Q3,2024,EQ,993.00,996.95,971.80,993.00,975.80,974.65,979.12,1179.00,608.30,12225895.00,375285.00
27-Sep-24,Friday,September,Q3,2024,EQ,996.00,1000.40,989.15,993.15,989.90,993.00,994.16,1179.00,608.30,10360030.00,302339.00
26-Sep-24,Thursday,September,Q3,2024,EQ,970.80,994.95,965.60,963.60,990.90,993.15,984.31,1179.00,608.30,21640021.00,411197.00
25-Sep-24,Wednesday,September,Q3,2024,EQ,982.40,982.50,959.25,977.30,964.00,963.60,965.11,1179.00,608.30,12959075.00,483047.00
24-Sep-24,Tuesday,September,Q3,2024,EQ,974.00,985.00,972.60,971.80,976.95,977.30,977.93,1179.00,608.30,12755422.00,369601.00
23-Sep-24,Monday,September,Q3,2024,EQ,973.50,979.20,966.05,970.85,972.30,971.80,972.23,1179.00,608.30,10254297.00,260064.00
20-Sep-24,Friday,September,Q3,2024,EQ,967.00,977.50,949.20,967.00,971.30,970.85,968.78,1179.00,608.30,16764981.00,345069.00
19-Sep-24,Thursday,September,Q3,2024,EQ,970.40,978.95,956.35,962.05,969.95,967.00,966.21,1179.00,608.30,13466770.00,318723.00
18-Sep-24,Wednesday,September,Q3,2024,EQ,978.20,983.70,957.15,974.95,959.20,962.05,968.76,1179.00,608.30,12044431.00,241634.00
17-Sep-24,Tuesday,September,Q3,2024,EQ,995.00,995.00,960.00,988.40,975.00,974.95,969.17,1179.00,608.30,44516613.00,518729.00
16-Sep-24,Monday,September,Q3,2024,EQ,997.00,999.90,984.50,992.10,988.45,988.40,990.38,1179.00,608.30,5836274.00,189546.00
13-Sep-24,Friday,September,Q3,2024,EQ,994.90,1006.00,988.00,986.15,991.85,992.10,994.82,1179.00,608.30,13203676.00,330078.00
12-Sep-24,Thursday,September,Q3,2024,EQ,976.30,988.00,958.00,976.30,984.00,986.15,973.48,1179.00,608.30,25675836.00,612687.00
11-Sep-24,Wednesday,September,Q3,2024,EQ,1000.00,1011.55,971.25,1035.80,976.40,976.30,983.79,1179.00,608.30,36140411.00,1060328.00
10-Sep-24,Tuesday,September,Q3,2024,EQ,1049.00,1049.00,1032.20,1038.70,1035.00,1035.80,1038.72,1179.00,608.30,6919238.00,254751.00
09-Sep-24,Monday,September,Q3,2024,EQ,1049.35,1049.95,1026.25,1049.35,1040.80,1038.70,1035.04,1179.00,608.30,7206054.00,250411.00
06-Sep-24,Friday,September,Q3,2024,EQ,1068.80,1072.95,1040.50,1069.15,1050.65,1049.35,1051.98,1179.00,605.60,8717377.00,307427.00
05-Sep-24,Thursday,September,Q3,2024,EQ,1081.00,1085.85,1066.95,1080.45,1068.70,1069.15,1074.87,1179.00,605.60,7900593.00,224556.00
04-Sep-24,Wednesday,September,Q3,2024,EQ,1079.00,1085.00,1072.10,1085.10,1081.00,1080.45,1078.18,1179.00,605.60,4665908.00,140011.00
03-Sep-24,Tuesday,September,Q3,2024,EQ,1097.60,1100.00,1082.20,1092.65,1086.55,1085.10,1089.20,1179.00,605.60,5088731.00,164019.00
02-Sep-24,Monday,September,Q3,2024,EQ,1105.00,1105.00,1087.35,1111.35,1093.00,1092.65,1094.25,1179.00,605.60,8116675.00,206392.00
